BPL.BLD.ID,1.1,1.2,1.3,1.4,2.1,2.2,2.3,2.4,2.5,3.1,3.2,3.3,3.4,3.5,3.6,3.7,4.1,4.2,4.3,4.5,4.6,4.7,4.8,5.1,5.2,5.3,5.4,5.5,5.6,6.1,6.2,6.3,7.1,7.2,7.3,7.4,8.1,8.2,8.3,8.4,8.5,Age,Experience
9999,Weekly,Weekly,Daily,Daily,Monthly,Monthly,Weekly,Weekly,Seasonally,Weekly,Weekly,Daily,Daily,Daily,Weekly,Annually,Daily,Daily,Daily,Daily,Daily,Daily,Daily,Daily,Daily,Daily,Weekly,Daily,Seasonally,Weekly,Weekly,Daily,Daily,Weekly,Weekly,Annually,Daily,Daily,Weekly,Weekly,Weekly,NA,NA
1001,Daily,Daily,Never,Daily,Weekly,Daily,Weekly,Never,Weekly,Seasonally,Never,Daily,Never,Daily,Seasonally,Seasonally,Seasonally,Seasonally,Never,Seasonally,Seasonally,Never,Seasonally,Daily,Daily,Seasonally,Never,Never,Seasonally,Never,Daily,Daily,Never,Never,Never,Seasonally,Seasonally,Never,Never,Never,Seasonally,55+,20+Y
1002,Daily,Daily,Daily,Daily,Monthly,Daily,Daily,Daily,Annually,Monthly,Never,Daily,Daily,Monthly,Monthly,Monthly,Seasonally,Monthly,Daily,Seasonally,Daily,Daily,Seasonally,Daily,Daily,Seasonally,Daily,Daily,Monthly,Daily,Daily,Seasonally,Daily,Daily,Annually,Annually,Not Applicable,Not Applicable,Not Applicable,Not Applicable,Not Applicable,55+,20+Y
1003,Daily,Daily,Daily,Daily,Daily,Daily,Not Applicable,Not Applicable,Daily,Not Applicable,Not Applicable,Daily,Not Applicable,Not Applicable,Seasonally,Seasonally,Daily,Daily,Daily,Not Applicable,Monthly,Daily,Not Applicable,Daily,Daily,Daily,Daily,Daily,Not Applicable,Daily,Daily,Daily,Daily,Not Applicable,Not Applicable,Seasonally,Weekly,Not Applicable,Not Applicable,Not Applicable,Not Applicable,55+,5-10Y
1004,Weekly,Weekly,Daily,Daily,Never,Daily,Never,Never,Seasonally,Not Applicable,Not Applicable,Daily,Never,Daily,Seasonally,Seasonally,Never,Daily,Never,Not Applicable,Monthly,Never,Never,Daily,Daily,Daily,Not Applicable,Never,Seasonally,Daily,Daily,Daily,Weekly,Never,Never,Seasonally,Never,Never,Never,Never,Never,45-54,5-10Y
1005,Daily,Weekly,Daily,Seasonally,Monthly,Monthly,Daily,Never,Seasonally,Weekly,Seasonally,Daily,Never,Daily,Seasonally,Seasonally,Weekly,Daily,Daily,Weekly,Daily,Daily,Monthly,Daily,Daily,Daily,Not Applicable,Not Applicable,Not Applicable,Daily,Daily,Daily,Not Applicable,Not Applicable,Seasonally,Annually,Not Applicable,Not Applicable,Not Applicable,Not Applicable,Not Applicable,45-54,20+Y
1008,Monthly,Monthly,Daily,Daily,Never,Monthly,Never,Never,Never,Seasonally,Never,Daily,Never,Daily,Annually,Annually,Never,Daily,Daily,Daily,Monthly,Monthly,Daily,Weekly,Daily,Monthly,Not Applicable,Not Applicable,Not Applicable,Daily,Daily,Daily,Monthly,Never,Never,Monthly,Never,Never,Never,Never,Never,45-54,15-20Y
1009,Daily,Daily,Daily,Daily,Daily,Daily,Daily,Never,Daily,Daily,Never,Daily,Never,Daily,Daily,Daily,Never,Daily,Daily,Daily,Daily,Daily,Daily,Daily,Daily,Daily,Daily,Daily,Not Applicable,Daily,Daily,Seasonally,Daily,Never,Never,Seasonally,Daily,Never,Never,Never,Never,55+,20+Y
1011,Daily,Daily,Daily,Daily,Monthly,Monthly,Monthly,Never,Seasonally,Daily,Monthly,Daily,Never,Daily,Weekly,Seasonally,Not Applicable,Monthly,Seasonally,Seasonally,Monthly,Seasonally,Monthly,Daily,Daily,Seasonally,Seasonally,Seasonally,Seasonally,Weekly,Monthly,Weekly,Weekly,Monthly,Never,Seasonally,Weekly,Never,Never,Never,Never,55+,20+Y
1012,Weekly,Daily,Daily,Daily,Seasonally,Seasonally,Daily,Never,Never,Seasonally,Seasonally,Daily,Never,Daily,Monthly,Seasonally,Never,Daily,Not Applicable,Not Applicable,Monthly,Daily,Not Applicable,Daily,Daily,Not Applicable,Not Applicable,Not Applicable,Not Applicable,Not Applicable,Not Applicable,Daily,Not Applicable,Not Applicable,Not Applicable,Monthly,Never,Never,Never,Never,Never,35-40,10-15Y
1013,Daily,Daily,Daily,Never,Never,Seasonally,Never,Never,Never,Daily,Never,Daily,Never,Never,Daily,Daily,Never,Never,Weekly,Never,Weekly,Daily,Weekly,Daily,Daily,Daily,Weekly,Weekly,Never,Weekly,Never,Daily,Never,Never,Never,Seasonally,Seasonally,Never,Not Applicable,Not Applicable,Seasonally,45-54,20+Y
1014,Daily,Daily,Daily,Daily,Daily,Daily,Seasonally,Seasonally,Seasonally,Not Applicable,Not Applicable,Daily,Never,Never,Not Applicable,Not Applicable,Never,Daily,Daily,Never,Monthly,Not Applicable,Not Applicable,Daily,Daily,Not Applicable,Not Applicable,Not Applicable,Not Applicable,Daily,Daily,Daily,Daily,Daily,Monthly,Monthly,Daily,Never,Not Applicable,Not Applicable,Not Applicable,45-54,20+Y
1016,Daily,Daily,Daily,Daily,Daily,Daily,Daily,Weekly,Seasonally,Weekly,Weekly,Daily,Daily,Daily,Seasonally,Monthly,Never,Seasonally,Seasonally,Never,Never,Never,Never,Daily,Daily,Daily,Never,Never,Not Applicable,Daily,Daily,Daily,Daily,Daily,Never,Seasonally,Daily,Daily,Never,Never,Never,35-40,20+Y
1017,Daily,Daily,Daily,Daily,Daily,Daily,Monthly,Monthly,Weekly,Weekly,Never,Daily,Never,Daily,Daily,Daily,Daily,Daily,Daily,Daily,Weekly,Daily,Daily,Daily,Daily,Daily,Daily,Daily,Monthly,Daily,Daily,Daily,Daily,Never,Seasonally,Monthly,Weekly,Never,Not Applicable,Not Applicable,Seasonally,45-54,20+Y
1019,Daily,Monthly,Daily,Daily,Never,Daily,Daily,Never,Seasonally,Daily,Daily,Daily,Never,Never,Seasonally,Weekly,Daily,Daily,Daily,Never,Daily,Never,Monthly,Daily,Daily,Daily,Daily,Daily,Never,Never,Never,Daily,Never,Never,Never,Annually,Daily,Never,Never,Never,Never,55+,20+Y
1021,Daily,Daily,Daily,Daily,Monthly,Weekly,Monthly,Never,Monthly,Not Applicable,Not Applicable,Daily,Never,Daily,Monthly,Seasonally,Not Applicable,Seasonally,Seasonally,Seasonally,Seasonally,Not Applicable,Seasonally,Daily,Daily,Weekly,Seasonally,Never,Not Applicable,Daily,Daily,Daily,Never,Never,Never,Weekly,Weekly,Never,Never,Never,Never,55+,20+Y
1022,Not Applicable,Not Applicable,Daily,Never,Never,Daily,Not Applicable,Never,Annually,Not Applicable,Not Applicable,Daily,Daily,Not Applicable,Seasonally,Seasonally,Not Applicable,Not Applicable,Not Applicable,Not Applicable,Never,Not Applicable,Seasonally,Daily,Daily,Seasonally,Not Applicable,Not Applicable,Not Applicable,Daily,Daily,Seasonally,Never,Never,Seasonally,Seasonally,Daily,Never,Not Applicable,Not Applicable,Not Applicable,55+,10-15Y
1023,Daily,Daily,Daily,Daily,Daily,Daily,Seasonally,Never,Seasonally,Weekly,Monthly,Daily,Never,Daily,Seasonally,Daily,Seasonally,Daily,Daily,Seasonally,Monthly,Monthly,Monthly,Daily,Daily,Daily,Daily,Daily,Monthly,Daily,Daily,Daily,Daily,Weekly,Weekly,Monthly,Weekly,Never,Not Applicable,Not Applicable,Not Applicable,45-54,15-20Y
1026,Daily,Daily,Daily,Daily,Daily,Daily,Monthly,Monthly,Daily,Weekly,Daily,Daily,Daily,Daily,Not Applicable,Not Applicable,Never,Daily,Daily,Daily,Daily,Daily,Daily,Daily,Daily,Daily,Not Applicable,Not Applicable,Not Applicable,Daily,Daily,Daily,Weekly,Monthly,Seasonally,Seasonally,Daily,Weekly,Never,Never,No understanding,35-40,5-10Y
1027,Daily,Daily,Daily,Daily,Never,Daily,Daily,Never,Monthly,Monthly,Never,Daily,Never,Daily,Monthly,Monthly,Never,Not Applicable,Daily,Daily,Daily,Daily,Monthly,Daily,Daily,Daily,Not Applicable,Not Applicable,Not Applicable,Seasonally,Seasonally,Daily,Monthly,Seasonally,Never,Seasonally,Not Applicable,Not Applicable,Not Applicable,Not Applicable,Not Applicable,45-54,15-20Y
1028,Daily,Daily,Daily,Daily,Daily,Daily,Seasonally,Seasonally,Seasonally,Daily,Never,Weekly,Never,Never,Monthly,Monthly,Never,Weekly,Never,Daily,Monthly,Monthly,Monthly,Daily,Daily,Daily,Daily,Weekly,Seasonally,Daily,Monthly,Daily,Weekly,Weekly,Never,Annually,Weekly,Never,Never,Never,Weekly,35-40,15-20Y
1031,Weekly,Weekly,Daily,Daily,Not Applicable,Daily,Daily,Never,Weekly,Not Applicable,Not Applicable,Daily,Never,Daily,Daily,Daily,Never,Daily,Never,Never,Daily,Never,Daily,Daily,Daily,Daily,Not Applicable,Not Applicable,Not Applicable,Daily,Daily,Daily,Never,Never,Never,Monthly,Not Applicable,Not Applicable,Not Applicable,Not Applicable,Not Applicable,55+,20+Y
1032,Daily,Weekly,Daily,Never,Daily,Daily,Daily,Never,Daily,Never,Never,Daily,Never,Daily,Daily,Daily,Daily,Daily,Never,Not Applicable,Daily,Never,Daily,Daily,Daily,Daily,Not Applicable,Not Applicable,Not Applicable,Never,Not Applicable,Daily,Not Applicable,Never,Never,Annually,Not Applicable,Not Applicable,Not Applicable,Not Applicable,Not Applicable,35-40,20+Y
1033,Daily,Weekly,Daily,Daily,Daily,Daily,Never,Never,Seasonally,Not Applicable,Not Applicable,Daily,Never,Daily,Monthly,Monthly,Not Applicable,Monthly,Not Applicable,Not Applicable,Monthly,Never,Seasonally,Daily,Daily,Daily,Not Applicable,Not Applicable,Not Applicable,Daily,Daily,Daily,Never,Never,Never,Annually,Daily,Never,Never,Never,Never,55+,20+Y
1034,Daily,Daily,Daily,Daily,Daily,Daily,Never,Never,Never,Never,Never,Daily,Never,Daily,Never,Not Applicable,Not Applicable,Daily,Never,Never,Not Applicable,Not Applicable,Not Applicable,Daily,Daily,Daily,Daily,Never,Never,Daily,Never,Daily,Never,Daily,Never,Annually,Never,Never,Never,Never,Never,55+,15-20Y
1035,Daily,Daily,Daily,Daily,Weekly,Never,Never,Never,As needed,Never,Never,Daily,Never,Daily,Daily,Daily,Not applicable,Daily,Daily,Daily,Daily,Daily,Daily,Daily,Daily,Daily,Daily,Daily,Never,Never,Never,Daily,Daily,Never,Never,Seasonally,Not applicable,Not applicable,Not applicable,Not applicable,Not applicable,NR,NR
1036,Daily,Daily,Daily,Daily,Monthly,Monthly,Monthly,Never,Seasonally,Daily,Daily,Never,Never,Daily,Monthly,Monthly,Never,Daily,Daily,Seasonally,Monthly,Daily,Daily,Daily,Daily,Daily,Seasonally,Seasonally,Seasonally,Never,Never,Daily,Never,Never,Never,Annually,Daily,Never,Never,Never,Never,25-34,5-10Y
1038,Daily,Daily,Daily,Daily,Never,Daily,Monthly,Never,Monthly,Seasonally,Never,Daily,Never,Daily,Monthly,Monthly,Never,Weekly,Never,Seasonally,Monthly,Never,Seasonally,Never,Daily,Daily,Weekly,Daily,Seasonally,Daily,Monthly,Daily,Never,Never,Never,Annually,Monthly,Never,Never,Never,Never,35-40,20+Y
1042,Daily,Daily,Daily,Daily,Monthly,Weekly,Monthly,Seasonally,Never,Seasonally,Seasonally,Daily,Never,Daily,Monthly,Weekly,Monthly,Weekly,Weekly,Monthly,Monthly,Daily,Weekly,Daily,Daily,Daily,Weekly,Weekly,Weekly,Weekly,Seasonally,Weekly,Seasonally,Seasonally,Annually,Seasonally,Seasonally,Never,Not Applicable,Not Applicable,Not Applicable,35-40,15-20Y
1043,Daily,Daily,Daily,Daily,Daily,Daily,Daily,Not Applicable,Seasonally,Not Applicable,Not Applicable,Daily,Not Applicable,Not Applicable,Seasonally,Not Applicable,Not Applicable,Daily,Daily,Not Applicable,Daily,Daily,Not Applicable,Daily,Daily,Daily,Daily,Daily,Not Applicable,Not Applicable,Not Applicable,Daily,Daily,Not Applicable,Not Applicable,Seasonally,Not Applicable,Not Applicable,Not Applicable,Not Applicable,Not Applicable,45-54,5-10Y
1044,Daily,Daily,Daily,Daily,Daily,Daily,Daily,Never,Seasonally,Not Applicable,Not Applicable,Daily,Never,Never,Not Applicable,Not Applicable,Never,Daily,Daily,Daily,Not Applicable,Not Applicable,Not Applicable,Daily,Daily,Daily,Not Applicable,Not Applicable,Not Applicable,Daily,No understanding,Not Applicable,Daily,Never,Never,Never,Daily,Never,Not Applicable,Never,Never,45-54,10-15Y
1047,Daily,Daily,Daily,Daily,Daily,Daily,Annually,Never,Annually,Daily,Never,Daily,Never,Never,Daily,Daily,Never,Daily,Never,Not Applicable,Daily,Daily,Weekly,Daily,Daily,Daily,Not Applicable,Not Applicable,Not Applicable,Never,Never,Daily,Never,Never,Never,Annually,Not Applicable,Not Applicable,Not Applicable,Not Applicable,Not Applicable,35-40,10-15Y
1048,Daily,Daily,Daily,Daily,Daily,Daily,Daily,Daily,Daily,Never,Never,Daily,Daily,Daily,Weekly,Weekly,Never,Daily,Daily,Daily,Daily,Daily,Daily,Daily,Daily,Daily,Monthly,Daily,Never,Daily,Daily,Daily,Daily,Daily,Daily,Daily,Daily,Daily,Daily,Never,Never,35-44,20+Y
1052,Daily,Daily,Daily,Daily,Weekly,Daily,Monthly,Never,Not Applicable,Monthly,Never,Daily,Never,Daily,Daily,Daily,Never,Daily,Daily,Seasonally,Daily,Daily,Monthly,Monthly,Daily,Daily,Monthly,Daily,Monthly,Never,Never,Daily,Daily,Never,Daily,Seasonally,Daily,Never,Never,Never,Seasonally,35-40,5-10Y
1053,Daily,Daily,Daily,Daily,Daily,Daily,Daily,Weekly,Daily,Daily,Never,Daily,Never,Daily,Weekly,Daily,Seasonally,Daily,Daily,Daily,Daily,Daily,Daily,Daily,Daily,Daily,Never,Never,Not Applicable,Daily,Not Applicable,Daily,Daily,Daily,Daily,Annually,Daily,Never,Daily,Not Applicable,Daily,55+,20+Y
1055,Daily,Daily,Daily,Daily,Monthly,Daily,Monthly,Never,Seasonally,Not Applicable,Not Applicable,Daily,Never,Daily,Monthly,Seasonally,Never,Daily,Daily,Daily,Daily,Daily,Seasonally,Daily,Daily,Daily,Daily,Never,Seasonally,Weekly,Weekly,Daily,Never,Never,Never,Seasonally,Not Applicable,Not Applicable,Not Applicable,Not Applicable,Not Applicable,35-40,15-20Y
1057,Weekly,Weekly,Daily,Daily,Monthly,Monthly,Monthly,Never,Seasonally,Seasonally,Seasonally,Daily,Never,Daily,Seasonally,Seasonally,Never,Daily,Daily,Monthly,Monthly,Monthly,Monthly,Daily,Daily,Daily,Monthly,Daily,Monthly,Daily,Daily,Daily,Daily,Daily,Seasonally,Annually,Daily,Never,Never,Never,Never,45-54,15-20Y
1058,Daily,Daily,Daily,Daily,No understanding,Weekly,Seasonally,Never,Monthly,No understanding,Never,Daily,Never,Daily,Seasonally,Seasonally,Never,Never,Never,Never,Monthly,Never,Never,Daily,Daily,Never,Not Applicable,Not Applicable,Not Applicable,Never,Never,No understanding,Daily,Never,Never,Seasonally,Monthly,No understanding,Never,Never,Never,45-54,20+Y
1063,Daily,Daily,Daily,Daily,Daily,Daily,Never,Never,Seasonally,Daily,Never,Daily,Never,Daily,Weekly,Never,Never,Daily,Never,Never,Daily,Never,Daily,Daily,Daily,Daily,Not Applicable,Not Applicable,Weekly,Daily,Daily,Daily,Never,Never,Never,Annually,Daily,Never,Never,Never,Never,55+,20+Y
1066,Daily,Never,Daily,Daily,Daily,Daily,Weekly,Never,Monthly,Never,Never,Daily,Never,Seasonally,Seasonally,Seasonally,Never,Seasonally,Never,Never,Weekly,Never,Never,Never,Never,Never,Seasonally,Never,Seasonally,Never,Weekly,Daily,Never,Never,Never,Monthly,Daily,Daily,Never,Never,Never,35-40,10-15Y
1068,Daily,Daily,Daily,Daily,Weekly,Daily,Weekly,Never,Weekly,Daily,Daily,Daily,Daily,Daily,Weekly,Weekly,Never,Daily,Daily,Daily,Daily,Daily,Daily,Daily,Daily,Daily,Weekly,Weekly,Monthly,Daily,Daily,Daily,Daily,Never,Daily,Annually,Weekly,Never,Never,Never,Weekly,55+,20+Y
1073,Daily,Daily,Daily,Daily,Never,Seasonally,Seasonally,Never,Seasonally,Never,Never,Daily,Never,Never,Seasonally,Never,Never,Never,Daily,Never,Seasonally,Daily,Never,Daily,Daily,Daily,Not Applicable,Not Applicable,Not Applicable,Never,Never,Not Applicable,Never,Never,Never,Seasonally,Not Applicable,Not Applicable,Not Applicable,Not Applicable,Not Applicable,55+,20+Y
1075,Daily,Daily,Daily,Daily,Not Applicable,Weekly,Never,Never,Never,Never,Never,Daily,Never,Daily,Weekly,Daily,Never,Daily,Daily,Daily,Weekly,Daily,Daily,Daily,Daily,Daily,Not Applicable,Not Applicable,Not Applicable,Daily,Never,Daily,Never,Never,Never,Annually,Not Applicable,Not Applicable,Not Applicable,Not Applicable,Not Applicable,45-54,10-15Y
1077,Daily,Monthly,Daily,Daily,Daily,Daily,Seasonally,Seasonally,Seasonally,Not applicable,Not applicable,Daily,Not applicable,Daily,Daily,Daily,Not applicable,Daily,Daily,Seasonally,Daily,Daily,Daily,Daily,Daily,Daily,Daily,Daily,Seasonally,Daily,Daily,Daily,Not applicable,Not applicable,Not applicable,Annually,Not applicable,Not applicable,Not applicable,Not applicable,Not applicable,45-54,15-20Y
1078,Daily,Daily,Daily,Daily,Daily,Daily,Not Applicable,Not Applicable,Not Applicable,Not Applicable,Not Applicable,Daily,Daily,Daily,Not Applicable,Not Applicable,Not Applicable,Daily,Daily,Daily,Daily,Daily,Daily,Daily,Daily,Daily,Not Applicable,Not Applicable,Not Applicable,Daily,Daily,Daily,Not Applicable,Not Applicable,Not Applicable,Monthly,Not Applicable,Not Applicable,Not Applicable,Not Applicable,Not Applicable,55+,20+Y
1080,Daily,Daily,Daily,Daily,Weekly,Daily,Monthly,Not Applicable,Annually,No understanding,Not Applicable,Daily,Daily,Daily,Seasonally,Daily,Daily,Daily,Daily,Seasonally,Daily,Daily,Daily,Daily,Daily,Daily,Daily,Daily,Seasonally,Daily,Daily,Seasonally,Daily,Not Applicable,Seasonally,Seasonally,Seasonally,Not Applicable,Not Applicable,Not Applicable,No understanding,45-54,10-15Y
1082,Daily,Daily,Daily,Daily,Weekly,Daily,Weekly,Never,Weekly,Weekly,Weekly,Daily,Never,Never,Daily,Daily,Daily,Daily,Daily,Never,Weekly,Weekly,Weekly,Daily,Daily,Daily,Daily,Daily,Seasonally,Never,Never,Daily,Daily,Never,Never,Monthly,Daily,Daily,Never,Daily,Not Applicable,25-34,10-15Y
1085,Daily,Monthly,Daily,Daily,Monthly,Daily,Daily,Daily,Daily,Weekly,Daily,Daily,Never,Daily,Daily,Daily,Annually,Daily,Never,Annually,Daily,Daily,Annually,Daily,Daily,Daily,Not Applicable,Not Applicable,Not Applicable,Daily,Daily,Daily,Daily,Daily,Never,Never,Daily,Daily,Never,Never,Never,45-54,15-20Y
1086,Daily,Daily,Daily,Daily,Daily,Daily,Weekly,Weekly,Monthly,Never,Never,Daily,Never,Daily,Never,Seasonally,Seasonally,Daily,Daily,Daily,Weekly,Weekly,Monthly,Daily,Daily,Daily,Daily,Daily,Monthly,Daily,Daily,Daily,Daily,Daily,Weekly,Monthly,Not Applicable,Not Applicable,Not Applicable,Not Applicable,Not Applicable,35-40,10-15Y
1087,Daily,Daily,Daily,Daily,Monthly,Daily,Seasonally,Seasonally,Seasonally,Not Applicable,Not Applicable,Daily,Daily,Daily,Weekly,Daily,Not Applicable,Daily,Daily,Not Applicable,Daily,Daily,Monthly,Daily,Daily,Daily,Daily,Daily,Not Applicable,Daily,Not Applicable,Not Applicable,Not Applicable,Not Applicable,Not Applicable,Not Applicable,Not Applicable,Not Applicable,Not Applicable,Not Applicable,Not Applicable,45-54,15-20Y
1089,Daily,Daily,Daily,Not Applicable,Not Applicable,Daily,Not Applicable,Not Applicable,Not Applicable,Weekly,Not Applicable,Not Applicable,Not Applicable,Not Applicable,Weekly,Weekly,Not Applicable,Daily,Daily,Daily,Daily,Daily,Daily,Daily,Daily,Daily,Not Applicable,Not Applicable,Not Applicable,Not Applicable,Not Applicable,Daily,Weekly,Not Applicable,Not Applicable,Monthly,Daily,Not Applicable,Not Applicable,Not Applicable,Not Applicable,45-54,15-20Y
1091,Not Applicable,Not Applicable,Daily,Daily,Never,Weekly,Daily,Daily,Seasonally,Daily,Never,Daily,Never,Daily,Seasonally,Seasonally,Never,Never,Never,Never,Seasonally,Never,Never,Never,Daily,Never,Never,Never,Monthly,Never,Weekly,Daily,Daily,Daily,Daily,Annually,Daily,Daily,Not Applicable,Not Applicable,Not Applicable,55+,10-15Y
1096,Weekly,Weekly,Daily,Daily,Not Applicable,Daily,Seasonally,Seasonally,Seasonally,Daily,Never,Daily,Daily,Not Applicable,Daily,Daily,Daily,Daily,Daily,Daily,Daily,Daily,Not Applicable,Daily,Daily,Daily,Not Applicable,Daily,Never,Daily,Daily,No understanding,Not Applicable,Not Applicable,Not Applicable,Seasonally,Not Applicable,Not Applicable,Not Applicable,Not Applicable,Not Applicable,45-54,15-20Y
1097,Not Applicable,Not Applicable,Daily,Not Applicable,Daily,Daily,Weekly,Not Applicable,Daily,Daily,Daily,Daily,Monthly,Daily,Daily,Daily,Daily,Monthly,Not Applicable,Not Applicable,Daily,Seasonally,Weekly,Daily,Not Applicable,Daily,Daily,Seasonally,Daily,Not Applicable,Not Applicable,Seasonally,Daily,Not Applicable,Not Applicable,Seasonally,Daily,Not Applicable,Weekly,Daily,Daily,45-54,Less than 5
1099,Weekly,Monthly,Daily,Daily,Never,Weekly,Weekly,Never,Not Applicable,Daily,Never,Daily,Never,Daily,Weekly,Daily,Not Applicable,Monthly,Not Applicable,Weekly,Daily,Never,Weekly,Daily,Daily,Daily,Weekly,Never,Daily,Never,Never,Not Applicable,Daily,Never,Not Applicable,Seasonally,Daily,Never,Weekly,Not Applicable,Not Applicable,45-54,20+Y
1100,Not Applicable,Not Applicable,Not Applicable,Not Applicable,Not Applicable,Not Applicable,Not Applicable,Not Applicable,Not Applicable,Weekly,Weekly,Daily,Daily,Daily,Daily,Daily,Not Applicable,Weekly,Weekly,Weekly,Daily,Monthly,Seasonally,Not Applicable,Not Applicable,Not Applicable,Monthly,Monthly,Daily,Not Applicable,Not Applicable,Not Applicable,Not Applicable,Not Applicable,Not Applicable,Not Applicable,Not Applicable,Not Applicable,Not Applicable,Not Applicable,Not Applicable,35-40,10-15Y
1101,Daily,Daily,Daily,Daily,Not Applicable,Daily,Daily,Seasonally,Monthly,Daily,Not Applicable,Daily,Daily,Daily,Daily,Daily,Seasonally,Daily,Seasonally,Seasonally,Daily,Daily,Daily,Daily,Daily,Daily,Seasonally,Not Applicable,Seasonally,Daily,Daily,Daily,Daily,Never,Seasonally,Annually,Daily,Monthly,Daily,Seasonally,Seasonally,45-54,5-10Y
1102,Daily,Daily,Daily,Daily,Daily,Daily,Weekly,Weekly,Weekly,Daily,Daily,Weekly,Never,Weekly,Weekly,Weekly,Never,Daily,Never,Daily,Weekly,Never,Weekly,Never,Daily,Daily,Not Applicable,Not Applicable,Not Applicable,Daily,Never,Daily,Never,Never,Never,Seasonally,Daily,Never,Never,Never,Never,45-54,15-20Y
1103,Daily,Daily,Daily,Daily,Never,Daily,Daily,Never,Seasonally,Seasonally,Never,Daily,Never,Daily,Seasonally,Seasonally,Never,Daily,Daily,Daily,Daily,Daily,Daily,Daily,Daily,Daily,Not Applicable,Not Applicable,Not Applicable,Daily,Never,Daily,Monthly,Never,Never,Seasonally,Not Applicable,Not Applicable,Not Applicable,Not Applicable,Not Applicable,35-40,20+Y
1108,Daily,Daily,Daily,Daily,Monthly,Daily,Seasonally,Monthly,Daily,Daily,Daily,Daily,Never,Daily,Daily,Daily,Daily,Daily,Never,Seasonally,Not Applicable,Daily,Seasonally,Daily,Daily,Daily,Never,Not Applicable,Not Applicable,Daily,Daily,Daily,Daily,Daily,Daily,Not Applicable,Daily,Never,Never,Never,Never,45-54,5-10Y
1109,Daily,Daily,Daily,Daily,Weekly,Weekly,Monthly,Never,Weekly,Weekly,Never,Daily,Never,Daily,Daily,Not Applicable,Not Applicable,Not Applicable,Not Applicable,Not Applicable,Daily,Never,Weekly,Daily,Daily,Daily,Not Applicable,Not Applicable,Weekly,Weekly,Daily,Daily,Daily,Never,Never,Seasonally,Daily,Never,Annually,Not Applicable,Never,25-34,Less than 5
1110,Daily,Monthly,Daily,Daily,Weekly,Weekly,Seasonally,Seasonally,Seasonally,Daily,Not Applicable,Daily,Daily,Daily,Daily,Seasonally,Seasonally,Daily,Daily,Daily,Not Applicable,Not Applicable,Not Applicable,Daily,Daily,Daily,Seasonally,Seasonally,Seasonally,Daily,Daily,Daily,Daily,Daily,Seasonally,Monthly,Weekly,Weekly,Not Applicable,Not Applicable,Not Applicable,25-34,5-10Y
1111,Weekly,Monthly,Daily,Daily,Weekly,Weekly,Monthly,Never,Not Applicable,Weekly,Never,Daily,Never,Daily,Weekly,Weekly,Never,Never,Daily,Never,Not Applicable,Daily,Daily,Daily,Daily,Daily,Never,Never,Not Applicable,Weekly,Weekly,Daily,Not Applicable,Not Applicable,Never,Seasonally,Never,Never,Never,Never,Daily,45-54,10-15Y
1114,Daily,Daily,Daily,Daily,Daily,Monthly,Not Applicable,Not Applicable,Not Applicable,Weekly,Never,Daily,Never,Monthly,Monthly,Monthly,Monthly,Daily,Daily,Seasonally,Daily,Daily,Daily,Daily,Daily,Seasonally,Daily,Daily,Monthly,No understanding,No understanding,Daily,Never,Never,Never,Seasonally,Daily,Never,Never,Never,Seasonally,55+,20+Y
1115,Daily,Daily,Daily,Daily,Never,Daily,Monthly,Never,Monthly,Weekly,Never,Daily,Never,Daily,Monthly,Daily,Never,Daily,Never,Never,Daily,Never,Daily,Never,Never,Daily,Never,Never,Monthly,Daily,Daily,Daily,Daily,Never,Never,Seasonally,Daily,Never,Never,Never,Never,45-54,20+Y
1117,Not Applicable,Not Applicable,Not Applicable,Not Applicable,Not Applicable,Not Applicable,Daily,Not Applicable,Seasonally,Not Applicable,Not Applicable,Daily,Not Applicable,Daily,Daily,Not Applicable,Not Applicable,Daily,Not Applicable,Not Applicable,Daily,Not Applicable,Daily,Not Applicable,Not Applicable,Not Applicable,Not Applicable,Not Applicable,Not Applicable,Not Applicable,Not Applicable,Not Applicable,Not Applicable,Not Applicable,Not Applicable,Not Applicable,Daily,Not Applicable,Not Applicable,Not Applicable,Not Applicable,45-54,10-15Y
1118,Daily,Daily,Daily,Daily,Monthly,Daily,Seasonally,Seasonally,Weekly,Weekly,Never,Daily,Never,Daily,Monthly,Monthly,Never,Weekly,Never,Monthly,Daily,Never,Seasonally,Daily,Daily,Daily,Weekly,Never,Monthly,Daily,Daily,Daily,Daily,Never,Seasonally,Monthly,Not Applicable,Not Applicable,Not Applicable,Not Applicable,Not Applicable,45-54,20+Y
1119,Daily,Daily,Daily,Daily,Not Applicable,Daily,Seasonally,Never,Seasonally,Daily,Never,Daily,Never,Daily,Monthly,Weekly,Never,Daily,Never,Never,Daily,Daily,Never,Daily,Daily,Daily,Not Applicable,Not Applicable,Not Applicable,Daily,Daily,Daily,Daily,Never,Never,Never,Daily,Never,Never,Never,Weekly,55+,20+Y
1120,Monthly,Monthly,Daily,Daily,Daily,Daily,Daily,Weekly,Seasonally,Monthly,Monthly,Daily,Never,Never,Daily,Seasonally,Seasonally,Daily,Daily,Daily,Daily,Daily,Seasonally,Daily,Daily,Daily,Monthly,Daily,Seasonally,Daily,Daily,Daily,Daily,Daily,Never,Annually,Daily,Never,Never,Never,Seasonally,55+,15-20Y
1121,Daily,Daily,Daily,Never,Not Applicable,Not Applicable,Seasonally,Never,Monthly,Weekly,Never,Daily,Never,Daily,Weekly,Weekly,Never,Daily,Daily,Daily,Seasonally,Never,Seasonally,Not Applicable,Not Applicable,Not Applicable,Daily,Never,Weekly,Not Applicable,Not Applicable,Not Applicable,Not Applicable,Not Applicable,Not Applicable,Not Applicable,Weekly,Never,Never,Never,Daily,45-54,20+Y
1125,Daily,Daily,Daily,Daily,Daily,Daily,Monthly,Never,Weekly,Never,Never,Daily,Never,Daily,Daily,Daily,Never,Daily,Daily,Never,Not Applicable,Not Applicable,Not Applicable,Daily,Daily,Daily,Not Applicable,Not Applicable,Not Applicable,Never,Never,Daily,Never,Never,Never,Annually,Daily,Never,Never,Never,Never,45-54,5-10Y
1126,Weekly,Weekly,Daily,Daily,Not Applicable,Seasonally,Daily,Never,Seasonally,Daily,Never,Daily,Never,Daily,Daily,Daily,Never,Not Applicable,Not Applicable,Not Applicable,Not Applicable,Not Applicable,Not Applicable,Monthly,Daily,Daily,Daily,Weekly,Never,Daily,Daily,Daily,Weekly,Never,Never,Seasonally,Monthly,Never,Monthly,Not Applicable,Monthly,55+,15-20Y
1127,Weekly,Weekly,Daily,Daily,Weekly,Daily,Seasonally,Seasonally,Seasonally,Seasonally,Seasonally,Daily,Never,Daily,Daily,Daily,Never,Daily,Monthly,Seasonally,Seasonally,Seasonally,Daily,Daily,Daily,Daily,Seasonally,Seasonally,Annually,Weekly,Weekly,Daily,Monthly,Monthly,Never,Seasonally,Not Applicable,Not Applicable,Not Applicable,Not Applicable,Not Applicable,45-54,20+Y
1128,Monthly,Weekly,Daily,Daily,Daily,Daily,Monthly,Never,Seasonally,Not Applicable,Not Applicable,Daily,Never,Daily,Never,Annually,Seasonally,Not Applicable,Not Applicable,Not Applicable,Daily,Never,Never,Monthly,Monthly,Monthly,Monthly,Not Applicable,Monthly,Not Applicable,Daily,Daily,Daily,Daily,Seasonally,Monthly,Daily,Never,Not Applicable,Not Applicable,Monthly,55+,15-20Y
1130,Daily,Daily,Daily,Daily,Daily,Daily,Daily,Daily,Daily,Weekly,Weekly,Daily,Never,Daily,Weekly,Weekly,Daily,Daily,Daily,Daily,Daily,Daily,Daily,Daily,Daily,Daily,Daily,Daily,Daily,Daily,Daily,Daily,Daily,Not Applicable,Never,Seasonally,Daily,Never,Never,Never,Never,45-54,20+Y
1131,Daily,Daily,Daily,Daily,Weekly,Weekly,Monthly,Never,Monthly,Daily,Never,Daily,Never,Daily,Daily,Daily,Never,Weekly,Never,Never,Weekly,Never,Never,Daily,Daily,Daily,Not Applicable,Not Applicable,Not Applicable,Daily,Daily,Daily,Daily,Never,Not Applicable,Annually,Daily,Never,Never,Never,Never,45-54,10-15Y
1132,Daily,Daily,Daily,Daily,Daily,Daily,Not Applicable,Not Applicable,Annually,No understanding,Daily,Daily,Not Applicable,No understanding,Weekly,Not Applicable,Not Applicable,Daily,Not Applicable,Monthly,Not Applicable,Not Applicable,Not Applicable,Daily,Daily,Daily,Not Applicable,Not Applicable,Not Applicable,Daily,Daily,Daily,Daily,Not Applicable,Not Applicable,Annually,Not Applicable,Not Applicable,Not Applicable,Not Applicable,Not Applicable,55+,5-10Y
1134,Weekly,Never,Daily,Daily,Never,Never,Never,Never,Never,Not Applicable,Not Applicable,Daily,Not Applicable,Daily,Daily,Daily,Never,Daily,Never,Never,Seasonally,Never,Seasonally,Never,Never,Never,Never,Never,Seasonally,Never,Never,Never,Never,Never,Never,Never,Not Applicable,Not Applicable,Not Applicable,Not Applicable,Not Applicable,45-54,10-15Y
1136,Daily,Daily,Daily,Daily,Daily,Daily,Not Applicable,Not Applicable,Not Applicable,Daily,Daily,Daily,Daily,Daily,Daily,Daily,Never,Daily,Daily,Never,Not Applicable,Not Applicable,Not Applicable,Daily,Daily,Daily,Daily,Daily,Seasonally,Not Applicable,Not Applicable,Daily,Not Applicable,Not Applicable,Not Applicable,Seasonally,Annually,Not Applicable,Not Applicable,Not Applicable,Not Applicable,55+,20+Y
1137,Daily,Daily,Daily,Daily,Daily,Daily,Annually,Never,Never,Never,Never,Daily,Never,Never,Daily,Daily,Never,Daily,Daily,Daily,Not Applicable,Not Applicable,Not Applicable,Daily,Daily,Daily,Daily,Daily,Never,Daily,Daily,Daily,Daily,Never,Never,Seasonally,Never,Never,Not Applicable,Not Applicable,Not Applicable,45-54,20+Y
1139,Weekly,Weekly,Daily,Daily,Daily,Daily,Daily,Never,Seasonally,Weekly,Weekly,Daily,Never,Daily,Weekly,Seasonally,Not Applicable,Not Applicable,Daily,Not Applicable,Daily,Daily,Seasonally,Daily,Daily,Daily,Not Applicable,Daily,Not Applicable,Daily,Daily,Daily,Daily,Daily,Seasonally,Seasonally,Daily,Never,Seasonally,Not Applicable,Seasonally,55+,20+Y
1142,Daily,Daily,Daily,Daily,Never,Daily,Weekly,Weekly,Never,Daily,Never,Daily,Never,Daily,Daily,Daily,Never,Daily,Never,Daily,Daily,Daily,Daily,Daily,Daily,Daily,Never,Never,Never,Daily,Daily,Daily,Daily,Never,Never,Annually,Never,Never,Never,Never,Never,55+,20+Y
1143,Daily,Monthly,Daily,Daily,Daily,Daily,Never,Never,Never,Daily,Never,Daily,Never,Daily,Daily,Daily,Never,Daily,Never,Daily,Daily,Never,Daily,Daily,Daily,Daily,Daily,Never,Never,Daily,Daily,Daily,Never,Never,Never,Annually,Not Applicable,Not Applicable,Not Applicable,Not Applicable,Not Applicable,55+,20+Y
1144,Daily,Daily,Daily,Never,Not Applicable,Monthly,Annually,Never,Annually,Daily,Never,Daily,Never,Daily,Weekly,Monthly,Not Applicable,Seasonally,Never,Never,Daily,Never,Seasonally,Not Applicable,Not Applicable,Annually,Not Applicable,Not Applicable,Not Applicable,Not Applicable,Not Applicable,Not Applicable,Not Applicable,Not Applicable,Not Applicable,Annually,Not Applicable,Not Applicable,Not Applicable,Not Applicable,Not Applicable,55+,20+Y
1145,Daily,Daily,Daily,Daily,Daily,Daily,Weekly,Weekly,Weekly,Daily,Never,Weekly,Daily,Daily,Daily,Weekly,Daily,Daily,Daily,Daily,Daily,Weekly,Weekly,Weekly,Daily,Daily,Daily,Daily,Daily,Daily,Daily,Daily,Daily,Daily,Daily,Weekly,Daily,Daily,Daily,Daily,Daily,35-40,5-10Y
1146,Daily,Daily,Daily,Daily,Never,Daily,Monthly,Seasonally,Seasonally,Seasonally,Never,Daily,Never,Daily,Seasonally,Seasonally,Daily,Daily,Daily,Daily,Seasonally,Seasonally,Seasonally,Daily,Daily,Daily,Daily,Daily,Seasonally,Daily,Daily,Daily,Daily,Never,Never,Seasonally,Daily,Never,Weekly,Weekly,Weekly,45-54,20+Y
1147,Daily,Daily,Daily,Daily,Daily,Never,Never,Never,Never,Never,Never,Daily,Never,Daily,Never,Seasonally,Never,Never,Never,Never,Never,Monthly,Never,Daily,Daily,Never,Not Applicable,Never,Never,Never,Never,Seasonally,Never,Never,Never,Never,Never,Never,Never,Never,Never,45-54,10-15Y
1148,Daily,Daily,Daily,Daily,Monthly,Weekly,Weekly,Never,Seasonally,Daily,Never,Daily,Never,Daily,Daily,Daily,Daily,Never,Never,Never,Daily,Never,Seasonally,Daily,Daily,Daily,Not Applicable,Not Applicable,Not Applicable,Daily,Daily,Seasonally,Daily,Never,Never,Monthly,Not Applicable,Not Applicable,Not Applicable,Not Applicable,Not Applicable,55+,20+Y
1150,Daily,Daily,Daily,Daily,Daily,Daily,Daily,Daily,Never,Daily,Never,Daily,Never,Daily,Daily,Daily,Never,Monthly,Daily,Daily,Not Applicable,Not Applicable,Not Applicable,Daily,Daily,Daily,Daily,Never,Seasonally,Daily,Daily,Daily,Daily,Never,Never,Seasonally,Not Applicable,Not Applicable,Not Applicable,Not Applicable,Not Applicable,45-54,10-15Y
1151,Daily,Daily,Daily,Daily,Daily,Daily,Monthly,Never,Seasonally,Weekly,Daily,Daily,Never,Daily,Monthly,Weekly,Never,Daily,Daily,Seasonally,Daily,Daily,Daily,Daily,Daily,Daily,Daily,Never,Not Applicable,Daily,Daily,Daily,Daily,Daily,Not Applicable,Annually,Daily,Daily,Monthly,Daily,Annually,45-54,Less than 5
1152,Daily,Daily,Daily,Daily,Daily,Daily,Monthly,Monthly,Monthly,Daily,Never,Daily,Never,Never,Monthly,Seasonally,Never,Daily,Daily,Daily,Monthly,Daily,Never,Daily,Daily,Daily,Never,Never,Never,Daily,Daily,Daily,Daily,Daily,Never,Seasonally,Daily,Never,Never,Never,Never,45-54,20+Y
1153,Monthly,Monthly,Daily,Daily,Daily,Daily,Never,Never,Never,Never,Never,Daily,Never,Daily,Never,Never,Never,Daily,Daily,Daily,Weekly,Daily,Weekly,Daily,Daily,Daily,Daily,Daily,Seasonally,Never,Daily,Daily,Never,Never,Annually,Annually,Not Applicable,Not Applicable,Not Applicable,Not Applicable,Not Applicable,45-54,15-20Y
1154,Daily,Daily,Daily,Daily,Daily,Daily,Daily,Never,Daily,Daily,Daily,Daily,Never,Daily,Daily,Daily,Daily,Daily,Daily,Daily,Daily,Daily,Daily,Daily,Daily,Daily,Not Applicable,Not Applicable,Not Applicable,Daily,Daily,Daily,Daily,Monthly,Never,Monthly,Not Applicable,Not Applicable,Not Applicable,Not Applicable,Not Applicable,55+,20+Y
1156,Not Applicable,Not Applicable,Not Applicable,Not Applicable,Not Applicable,Daily,No understanding,No understanding,No understanding,Daily,Never,Daily,Never,Daily,Daily,Daily,Not Applicable,Never,Never,No understanding,Daily,Daily,Daily,Not Applicable,Not Applicable,Not Applicable,No understanding,No understanding,No understanding,Not Applicable,Not Applicable,Not Applicable,Not Applicable,Not Applicable,Not Applicable,Not Applicable,Daily,Daily,Not Applicable,Not Applicable,Not Applicable,35-40,5-10Y
1158,Weekly,Weekly,Daily,Daily,Weekly,Daily,Weekly,Never,Weekly,Weekly,Never,Daily,Never,Daily,Daily,Weekly,Never,Seasonally,Never,Monthly,Daily,Never,Weekly,Never,Never,Daily,Never,Never,Monthly,Never,Never,Daily,Never,Never,Never,Monthly,Not applicable,Not applicable,Not applicable,Not applicable,Not applicable,45-54,10-15Y
1159,Weekly,Never,Daily,Never,Daily,Daily,Never,Never,Never,Never,Never,Daily,Never,Daily,Not Applicable,Not Applicable,Never,Not Applicable,Never,Not Applicable,Not Applicable,Not Applicable,Not Applicable,Daily,Never,Not Applicable,Not Applicable,Never,Not Applicable,Daily,Daily,Daily,Never,Never,Never,Annually,Weekly,Never,Not Applicable,Not Applicable,Not Applicable,45-54,20+Y
1160,Not Applicable,Not Applicable,Not Applicable,Not Applicable,Not Applicable,Not Applicable,Monthly,Never,Monthly,Daily,Daily,Not Applicable,Not Applicable,Not Applicable,Daily,Daily,Not Applicable,Daily,Daily,Seasonally,Daily,Daily,Daily,Not Applicable,Not Applicable,Not Applicable,Daily,Daily,Weekly,Not Applicable,Not Applicable,Not Applicable,Not Applicable,Not Applicable,Not Applicable,Not Applicable,Daily,Never,Never,Daily,Daily,35-40,15-20Y
1162,Daily,Daily,Daily,Daily,Not Applicable,Monthly,Weekly,Never,Never,Daily,Never,Daily,Never,Never,Daily,Never,Never,Daily,Daily,Daily,Daily,Daily,Daily,Daily,Daily,Daily,Daily,Daily,Not Applicable,Never,Daily,Daily,Daily,Never,Never,Annually,Not Applicable,Not Applicable,Not Applicable,Not Applicable,Not Applicable,45-54,20+Y
1163,Daily,Monthly,Daily,Daily,Weekly,Weekly,Weekly,Never,Seasonally,Daily,Never,Daily,Never,Daily,Seasonally,Seasonally,Not Applicable,Weekly,Daily,Seasonally,Daily,Daily,Weekly,Daily,Daily,Weekly,Daily,Daily,Not Applicable,Daily,Daily,Seasonally,Weekly,Monthly,Never,Annually,Daily,Never,Never,Never,Daily,55+,15-20Y
1168,Daily,Daily,Daily,Daily,Daily,Daily,Never,Never,Never,Seasonally,Never,Daily,Never,Daily,Seasonally,Seasonally,Never,Daily,Daily,Daily,Daily,Daily,Daily,Daily,Daily,Daily,Daily,Daily,Seasonally,Weekly,Daily,Daily,Daily,Never,Never,Seasonally,Daily,Daily,Never,Never,Seasonally,45-54,20+Y
1169,Daily,Daily,Daily,Daily,Never,Seasonally,Never,Never,Never,Weekly,Never,Weekly,Never,Weekly,Seasonally,Seasonally,Never,Seasonally,Never,Never,Seasonally,Never,Seasonally,Daily,Daily,Monthly,Daily,Never,Seasonally,Monthly,Weekly,Daily,Never,Never,Never,Monthly,Monthly,Never,Never,Never,Seasonally,55+,20+Y
1170,Weekly,Monthly,Daily,Daily,Weekly,Weekly,Never,Never,Never,Daily,Daily,Daily,Not Applicable,Daily,Weekly,Weekly,Daily,Daily,Daily,Daily,Daily,Annually,Weekly,Daily,Daily,Seasonally,Daily,Daily,Seasonally,Daily,Daily,Daily,Seasonally,Seasonally,Not Applicable,Seasonally,Daily,Daily,No understanding,Daily,Daily,55+,20+Y
1174,Not Applicable,Monthly,Daily,Daily,Daily,Daily,Never,Never,Never,Never,Never,Daily,Never,Daily,Seasonally,Seasonally,Never,Daily,Monthly,Daily,Daily,Monthly,Daily,Daily,Monthly,Daily,Monthly,Monthly,Daily,Not Applicable,Daily,Daily,Daily,Monthly,Daily,Annually,Daily,Never,Never,Never,Never,45-54,15-20Y
1175,Daily,Daily,Daily,Never,Monthly,Daily,Monthly,Monthly,Monthly,Daily,Weekly,Daily,Never,Never,Daily,Daily,Daily,Daily,Weekly,Monthly,Monthly,Monthly,Monthly,Daily,Daily,Daily,Daily,Daily,Monthly,Monthly,Never,Not Applicable,Not Applicable,Not Applicable,Not Applicable,Not Applicable,Not Applicable,Not Applicable,Not Applicable,Not Applicable,Not Applicable,45-54,20+Y
1176,Monthly,Monthly,Daily,Daily,Monthly,Weekly,Monthly,Never,Seasonally,Weekly,Never,Daily,Never,Daily,Seasonally,Seasonally,Never,Not Applicable,Not Applicable,Not Applicable,Monthly,Never,Seasonally,Not Applicable,Daily,Not Applicable,Not Applicable,Not Applicable,Not Applicable,Weekly,Weekly,Not Applicable,Weekly,Never,Never,Seasonally,Not Applicable,Not Applicable,Not Applicable,Not Applicable,Not Applicable,45-54,20+Y
1178,Daily,Daily,Daily,Daily,Daily,Daily,Daily,Never,Daily,Daily,Never,Daily,Never,Daily,Daily,Daily,Never,Daily,Daily,Daily,Daily,Never,Daily,Daily,Daily,Daily,Daily,Never,Daily,Daily,Daily,Daily,Daily,Daily,Never,Seasonally,Daily,Never,Never,Never,Never,55+,10-15Y
1180,Daily,Monthly,Daily,Daily,Daily,Daily,Monthly,Never,Annually,Daily,Never,Daily,Never,Daily,Daily,Daily,Not Applicable,Daily,Never,Daily,Daily,Never,Daily,Daily,Daily,Daily,Daily,Never,Seasonally,Weekly,Weekly,Daily,Daily,Never,Annually,Annually,Weekly,Never,Monthly,Never,Weekly,45-54,15-20Y
1183,Daily,Daily,Daily,Daily,Monthly,Weekly,Monthly,Never,Seasonally,Monthly,Never,Weekly,Never,Weekly,Seasonally,Monthly,Never,Weekly,Daily,Weekly,Monthly,Never,Never,Weekly,Daily,Weekly,Not Applicable,Not Applicable,Not Applicable,Weekly,Weekly,Daily,Never,Never,Never,Seasonally,Not Applicable,Not Applicable,Not Applicable,Not Applicable,Not Applicable,55+,20+Y
1186,Daily,Daily,Daily,Daily,Daily,Daily,Daily,Daily,Seasonally,Weekly,Monthly,Daily,Never,Daily,Monthly,Weekly,Never,Monthly,Never,Never,Daily,Seasonally,Seasonally,Daily,Daily,Daily,Never,Never,Not Applicable,Daily,Daily,Daily,Daily,Daily,Seasonally,Annually,Daily,Daily,Monthly,Seasonally,Daily,45-54,15-20Y
1187,Daily,Daily,Daily,Daily,Never,Weekly,Weekly,Never,Weekly,Daily,Never,Daily,Never,Daily,Daily,Daily,Weekly,Never,Never,Never,Daily,Never,Monthly,Daily,Daily,Weekly,Monthly,Never,Weekly,Weekly,Weekly,Daily,Never,Never,Never,Seasonally,Weekly,Never,Monthly,Monthly,Monthly,45-54,15-20Y
1188,Daily,Daily,Daily,Daily,Daily,Monthly,Seasonally,Never,Seasonally,Daily,Never,Daily,Daily,Daily,Daily,Daily,Daily,Seasonally,Seasonally,Seasonally,Daily,Seasonally,Seasonally,Daily,Daily,Daily,Seasonally,Seasonally,Daily,Daily,Daily,Daily,Daily,Never,Never,Seasonally,Not Applicable,Not Applicable,Not Applicable,Not Applicable,Not Applicable,45-54,15-20Y
1189,Daily,Daily,Daily,Daily,Daily,Daily,Weekly,Never,Annually,Never,Never,Daily,Never,Daily,Daily,Daily,Never,Daily,Daily,Daily,Daily,Daily,Not Applicable,Daily,Daily,Daily,Daily,Never,Annually,Not Applicable,Not Applicable,Never,Not Applicable,Not Applicable,Not Applicable,Annually,Not Applicable,Not Applicable,Not Applicable,Not Applicable,Not Applicable,45-54,20+Y
1191,Weekly,Weekly,Daily,Daily,Daily,Daily,Daily,Never,Daily,Daily,Never,Daily,Never,Daily,Daily,Seasonally,Never,Never,Never,Never,Daily,Never,Monthly,Daily,Daily,Daily,Daily,Daily,Seasonally,Daily,Daily,Never,Daily,Daily,Daily,Daily,Daily,Never,Daily,Daily,Never,35-40,10-15Y
1192,Daily,Daily,Daily,Daily,Daily,Daily,Daily,Monthly,Seasonally,Daily,Seasonally,Daily,Never,Daily,Daily,Daily,Never,Daily,Daily,Not Applicable,Daily,Weekly,Weekly,Daily,Daily,Daily,Not Applicable,Not Applicable,Not Applicable,Daily,Daily,Daily,Daily,Not Applicable,Daily,Seasonally,Daily,Never,Weekly,Daily,Weekly,45-54,20+Y
1194,Daily,Daily,Daily,Daily,Never,Daily,Daily,Never,As needed,Daily,Never,Daily,Never,Daily,Seasonally,As needed,Never,Daily,Never,Daily,NR,Never,Never,Daily,Daily,Daily,Not applicable,Not applicable,Not applicable,Daily,Never,Daily,Daily,Never,NR,Seasonally,Not applicable,Not applicable,Not applicable,Not applicable,Not applicable,55+,20+Y
1195,Daily,Daily,Daily,Daily,Daily,Daily,Never,Never,Never,Daily,Never,Daily,Never,Daily,Seasonally,Seasonally,Never,Never,Never,Never,Daily,Never,Daily,Daily,Daily,Daily,Daily,Never,Monthly,Daily,Daily,Daily,Daily,Never,Never,Seasonally,Not Applicable,Not Applicable,Not Applicable,Not Applicable,Not Applicable,45-54,20+Y
1197,Daily,Daily,Daily,Daily,Daily,Daily,Daily,Daily,Weekly,Daily,Daily,Daily,Never,Daily,Weekly,Seasonally,Weekly,Daily,Daily,Daily,Daily,Daily,Monthly,Daily,Daily,Daily,Daily,Daily,Weekly,Daily,Daily,Daily,Daily,Daily,Daily,Seasonally,Daily,Daily,Daily,Weekly,Weekly,45-54,10-15Y
1198,Daily,Daily,Daily,Daily,Never,Daily,Daily,Never,Seasonally,Daily,Never,Daily,Never,Daily,Daily,Daily,Never,Daily,Daily,Daily,Daily,Daily,Daily,Daily,Daily,Daily,Daily,Never,Daily,Daily,Daily,Daily,Daily,Weekly,Daily,Seasonally,Not Applicable,Not Applicable,Not Applicable,Not Applicable,Not Applicable,45-54,15-20Y
1199,Daily,Daily,Daily,Daily,Never,Never,Never,Never,Never,Never,Never,Daily,Never,Daily,Seasonally,Seasonally,Not Applicable,Daily,Never,Never,Daily,Never,Seasonally,Daily,Daily,Daily,Not Applicable,Not Applicable,Not Applicable,Daily,Daily,Daily,Never,Never,Never,Seasonally,Not Applicable,Not Applicable,Not Applicable,Not Applicable,Not Applicable,55+,15-20Y
1200,Daily,Daily,Daily,Daily,Weekly,Daily,Monthly,Monthly,Weekly,Daily,Daily,Daily,Daily,Daily,Daily,Daily,Seasonally,Daily,Daily,Daily,Daily,Daily,Daily,Daily,Daily,Daily,Daily,Daily,Daily,Daily,Daily,Monthly,Monthly,Monthly,Monthly,Annually,Daily,Daily,Not Applicable,Not Applicable,Not Applicable,55+,15-20Y
1202,Never,Never,Daily,Daily,Not Applicable,Daily,Daily,Never,Seasonally,Daily,Daily,Daily,Daily,Daily,Seasonally,Seasonally,Not Applicable,Monthly,Daily,Daily,Daily,Never,Seasonally,Not Applicable,Daily,Not Applicable,Not Applicable,Not Applicable,Not Applicable,Not Applicable,Daily,Daily,Daily,Never,Not Applicable,Seasonally,Not Applicable,Not Applicable,Not Applicable,Not Applicable,Not Applicable,45-54,20+Y
1203,Weekly,Daily,Daily,Daily,Daily,Daily,Not Applicable,Not Applicable,Not Applicable,Daily,Daily,Daily,Daily,Daily,Daily,Seasonally,Daily,Monthly,Daily,Daily,Monthly,Daily,Monthly,Daily,Daily,Daily,Monthly,Daily,Monthly,Daily,Daily,Daily,Daily,Never,Never,Monthly,Not Applicable,Not Applicable,Not Applicable,Not Applicable,Not Applicable,55+,20+Y
1204,Daily,Daily,Daily,Daily,Daily,Seasonally,Not Applicable,Not Applicable,Not Applicable,Weekly,Never,Daily,Never,Never,Seasonally,Daily,Never,Seasonally,Never,Seasonally,Monthly,Never,Daily,Daily,Daily,Daily,Not Applicable,Not Applicable,Not Applicable,Never,Daily,Daily,Daily,Never,Never,Annually,Not Applicable,Not Applicable,Not Applicable,Not Applicable,Not Applicable,45-54,20+Y
1205,Not Applicable,Not Applicable,Daily,Daily,Never,Never,Never,Never,Never,Never,Never,Daily,Never,Never,Annually,Not Applicable,Not Applicable,Daily,Daily,Never,Monthly,Monthly,Never,Daily,Daily,Not Applicable,Not Applicable,Not Applicable,Not Applicable,Never,Never,Seasonally,Not Applicable,Annually,Not Applicable,Not Applicable,Not Applicable,Not Applicable,Not Applicable,Not Applicable,Not Applicable,55+,20+Y
1206,Daily,Daily,Daily,Daily,Daily,Daily,Daily,Never,Daily,Daily,Daily,Daily,Never,Daily,Monthly,Daily,Not Applicable,Weekly,Never,Daily,Daily,Never,Daily,Daily,Daily,Daily,Not Applicable,Not Applicable,Not Applicable,Daily,Daily,Daily,Never,Never,Never,Weekly,Daily,Never,Never,Not Applicable,Daily,45-54,20+Y
1207,Daily,Daily,Daily,Daily,Monthly,Seasonally,Never,Never,Monthly,Daily,Daily,Daily,Never,Never,Never,Never,Never,Daily,Daily,Daily,Monthly,Never,Seasonally,Daily,Daily,Daily,Daily,Daily,Seasonally,Never,Never,Daily,Never,Never,Never,Seasonally,Daily,Never,Never,Never,Never,35-40,15-20Y
1209,Daily,Daily,Daily,Daily,Daily,Daily,Never,Never,Not Applicable,Daily,Never,Daily,Never,Never,Weekly,Weekly,Never,Daily,Daily,Daily,Daily,Daily,Daily,Daily,Daily,Daily,Not Applicable,Not Applicable,Not Applicable,Never,Not Applicable,Daily,Never,Never,Never,Monthly,Daily,Never,Not Applicable,Not Applicable,Not Applicable,55+,20+Y
1213,Weekly,Weekly,Daily,Daily,Not Applicable,Daily,Daily,Never,Daily,Daily,Never,Daily,Never,Daily,Daily,Daily,Never,Not Applicable,Daily,Never,Daily,Daily,Daily,Daily,Daily,Daily,Never,Never,Not Applicable,Never,Never,Not Applicable,Not Applicable,Never,Never,Annually,Not Applicable,Not Applicable,Not Applicable,Not Applicable,Not Applicable,45-54,15-20Y
1214,Daily,Daily,Daily,Daily,Never,Seasonally,Never,Never,Seasonally,Never,Never,Daily,Never,Daily,Seasonally,Seasonally,Never,Never,Never,Daily,Daily,Daily,Daily,Daily,Daily,Daily,Not Applicable,Not Applicable,Not Applicable,Never,Never,Daily,Never,Never,Never,Monthly,Never,Never,Never,Never,Never,35-40,15-20Y
1216,Daily,Daily,Daily,Daily,Daily,Weekly,Daily,Seasonally,Seasonally,Daily,Daily,Daily,Not Applicable,Daily,Daily,Daily,Daily,Daily,Daily,Daily,Daily,Daily,Daily,Daily,Daily,Daily,Daily,Daily,Daily,Daily,Daily,Daily,Daily,Monthly,Seasonally,Seasonally,Not Applicable,Not Applicable,Not Applicable,Not Applicable,Not Applicable,55+,20+Y
1217,Daily,Daily,Daily,Daily,Daily,Daily,Daily,Never,Daily,Daily,Never,Daily,Never,Daily,Daily,Daily,Daily,Daily,Never,Daily,Daily,Never,Daily,Daily,Daily,Daily,Daily,Never,Seasonally,Daily,Daily,Daily,Never,Never,Never,Seasonally,Monthly,Never,No understanding,Not Applicable,Monthly,55+,20+Y
1218,Weekly,Daily,Daily,Daily,Weekly,Daily,Daily,Never,Never,Weekly,Never,Daily,Never,Weekly,Daily,Weekly,Never,Weekly,Monthly,Monthly,Daily,Weekly,Monthly,Daily,Daily,Daily,Not Applicable,Not Applicable,Not Applicable,Daily,Daily,Daily,Not Applicable,Not Applicable,Not Applicable,Annually,Not Applicable,Not Applicable,Not Applicable,Not Applicable,Not Applicable,45-54,20+Y
1220,Weekly,Weekly,Daily,Daily,Never,Monthly,Monthly,Never,Never,Weekly,Weekly,Daily,Daily,Daily,Monthly,Monthly,Daily,Monthly,Daily,Daily,Daily,Daily,Daily,Daily,Daily,Daily,Daily,Daily,Monthly,Never,Daily,Daily,Weekly,Never,Never,Seasonally,Never,Never,Never,Never,Never,45-54,20+Y
1221,Daily,Daily,Daily,Daily,Daily,Daily,Seasonally,Never,Annually,Seasonally,Seasonally,Daily,Never,Daily,Daily,Daily,Daily,Daily,Daily,Daily,Daily,Daily,Seasonally,Daily,Daily,Daily,Daily,Daily,Seasonally,Daily,Daily,Daily,Daily,Never,Never,Annually,Not Applicable,Not Applicable,Not Applicable,Not Applicable,Not Applicable,45-54,20+Y
1223,Daily,Daily,Daily,Daily,Not Applicable,Monthly,Never,Never,Never,Not Applicable,Never,Daily,Never,Never,Daily,Daily,Not Applicable,Daily,Daily,Not Applicable,Daily,Daily,Daily,Daily,Daily,Daily,Not Applicable,Not Applicable,Not Applicable,Daily,Daily,Daily,Weekly,Never,Daily,Seasonally,Not Applicable,Not Applicable,Not Applicable,Not Applicable,Not Applicable,45-54,20+Y
1224,Daily,Daily,Daily,Daily,Daily,Daily,Weekly,Weekly,Weekly,Daily,Daily,Daily,Daily,Daily,Daily,Daily,Daily,Daily,Daily,Daily,Daily,Daily,Daily,Daily,Daily,Daily,Not Applicable,Not Applicable,Not Applicable,Daily,Daily,Daily,Daily,Daily,Daily,Daily,Weekly,Weekly,Weekly,Weekly,Weekly,35-40,15-20Y
1225,Not Applicable,Monthly,Daily,Daily,Weekly,Daily,Not Applicable,Not Applicable,Not Applicable,Daily,Never,Daily,Never,Daily,Daily,Daily,Never,Annually,Never,Annually,Daily,Daily,Monthly,Daily,Daily,Seasonally,Annually,Never,Monthly,Monthly,Monthly,Never,Not Applicable,Not Applicable,Not Applicable,Not Applicable,Daily,Never,Daily,Daily,Seasonally,55+,15-20Y
1226,Daily,Daily,Daily,Daily,Daily,Daily,Weekly,Weekly,Seasonally,Not Applicable,Not Applicable,Daily,Daily,Daily,Daily,Seasonally,Seasonally,Daily,Daily,Seasonally,Daily,Daily,Seasonally,Weekly,Daily,Daily,Daily,Daily,Not Applicable,Daily,Daily,Daily,Seasonally,Seasonally,Seasonally,Seasonally,Not Applicable,Not Applicable,Not Applicable,Not Applicable,Not Applicable,45-54,20+Y
1227,Daily,Daily,Daily,Daily,Never,Daily,Weekly,Never,Seasonally,Daily,Never,Daily,Never,Daily,Never,Never,Not Applicable,Daily,Daily,Daily,Daily,Daily,Daily,Daily,Daily,Daily,Not Applicable,Not Applicable,Not Applicable,Daily,Weekly,Daily,Daily,Never,Monthly,Seasonally,Daily,Never,Never,No understanding,Never,55+,20+Y
1228,Weekly,Weekly,Daily,Never,Weekly,Weekly,Monthly,Never,Monthly,Seasonally,Never,Daily,Never,Daily,Monthly,Monthly,Never,Not Applicable,Not Applicable,Not Applicable,Weekly,Weekly,Weekly,Daily,Daily,Daily,Not Applicable,Not Applicable,Not Applicable,Weekly,Never,Daily,Never,Never,Never,Seasonally,Not Applicable,Not Applicable,Not Applicable,Not Applicable,Not Applicable,35-40,20+Y
1231,Not Applicable,Not Applicable,Not Applicable,Not Applicable,Annually,Not Applicable,Not Applicable,Not Applicable,Not Applicable,Daily,Never,Daily,Never,Daily,Daily,Daily,Daily,Daily,Never,Seasonally,Daily,Not Applicable,Daily,Not Applicable,Not Applicable,Not Applicable,Seasonally,Not Applicable,Daily,Not Applicable,Not Applicable,Not Applicable,Not Applicable,Not Applicable,Not Applicable,Not Applicable,Daily,Never,Never,Never,Never,45-54,10-15Y
1233,Daily,Daily,Daily,Daily,Daily,Monthly,Seasonally,Never,Seasonally,Seasonally,Never,Daily,Never,Daily,Seasonally,Daily,Never,Daily,Daily,Never,Monthly,Daily,Never,Daily,Daily,Daily,Daily,Daily,Never,Daily,Daily,Daily,Never,Never,Never,Monthly,Daily,Never,Daily,Never,Never,55+,20+Y
1234,Daily,Daily,Daily,Daily,Never,Weekly,Weekly,Never,Never,Daily,Never,Daily,Never,Daily,Daily,Daily,Not Applicable,Daily,Never,Daily,Daily,Never,Daily,Daily,Daily,Daily,Daily,Never,Seasonally,Daily,Daily,Daily,Daily,Never,Never,Annually,Daily,Never,Never,Never,Never,45-54,20+Y
1235,Daily,Daily,Daily,Daily,Never,Weekly,Never,Never,Never,Daily,Never,Daily,Never,Daily,Daily,Daily,Daily,Seasonally,Never,Seasonally,Seasonally,Never,Seasonally,Daily,Daily,Seasonally,Never,Never,Never,Daily,Daily,Not Applicable,Never,Never,Never,Annually,Never,Never,Never,Never,Never,55+,15-20Y
1237,Daily,Daily,Daily,Daily,Annually,Daily,Annually,Annually,Annually,Weekly,Weekly,Daily,Never,Daily,Annually,Annually,Annually,Never,Never,Never,Seasonally,Seasonally,Seasonally,Daily,Daily,Daily,Not Applicable,Not Applicable,Not Applicable,Daily,Never,Daily,Never,Never,Annually,Annually,Daily,Daily,No understanding,Annually,Annually,45-54,20+Y
1238,Daily,Daily,Daily,Daily,Daily,Daily,Seasonally,Not applicable,Weekly,Seasonally,Seasonally,Daily,Daily,Daily,Annually,Seasonally,Daily,Not applicable,Not applicable,Not applicable,Monthly,Monthly,Not applicable,Daily,Daily,Mulitple answer,Daily,Daily,Not applicable,Daily,Mulitple answer,Daily,Not applicable,Not applicable,Not applicable,Annually,Daily,Daily,Not applicable,Not applicable,Seasonally,55+,20+Y
1239,Daily,Never,Daily,Daily,Not Applicable,Not Applicable,Never,Never,Not Applicable,Not Applicable,Not Applicable,Daily,Never,Never,Annually,Annually,Never,Never,Never,Never,Seasonally,Seasonally,Seasonally,Daily,Daily,Not Applicable,Not Applicable,Not Applicable,Seasonally,Not Applicable,Not Applicable,Not Applicable,Not Applicable,Not Applicable,Not Applicable,Not Applicable,Not Applicable,Not Applicable,Not Applicable,Not Applicable,Not Applicable,55+,20+Y
1240,Daily,Daily,Daily,Daily,Never,Monthly,Annually,Never,Annually,Daily,Never,Daily,Never,Seasonally,Seasonally,Seasonally,Daily,Daily,Daily,Daily,Daily,Daily,Daily,Daily,Daily,Daily,Monthly,Daily,Monthly,Weekly,Never,Daily,Daily,Never,Never,Monthly,Daily,Never,Never,Never,Never,45-54,10-15Y
1241,Daily,Weekly,Daily,Daily,Daily,Daily,Seasonally,Seasonally,Seasonally,Seasonally,Never,Daily,Weekly,Daily,Monthly,Monthly,Not Applicable,Daily,Daily,Daily,Seasonally,Daily,Annually,Daily,Daily,Daily,Daily,Daily,Annually,Daily,Daily,Daily,Daily,Daily,Seasonally,Seasonally,Daily,Never,Never,Never,Never,45-54,10-15Y
1242,Daily,Daily,Daily,Daily,Not Applicable,Not Applicable,Not Applicable,Not Applicable,Not Applicable,Not Applicable,Not Applicable,Daily,Never,Daily,Not Applicable,Not Applicable,Not Applicable,Not Applicable,Not Applicable,Not Applicable,Daily,Daily,Not Applicable,Daily,Daily,Daily,Not Applicable,Not Applicable,Not Applicable,Never,Never,Daily,Not Applicable,Not Applicable,Not Applicable,Seasonally,Not Applicable,Not Applicable,Not Applicable,Not Applicable,Not Applicable,45-54,15-20Y
1243,Daily,Daily,Daily,Daily,Seasonally,Not Applicable,Seasonally,Never,Seasonally,Seasonally,Not Applicable,Daily,Never,Seasonally,Seasonally,Monthly,Not Applicable,Not Applicable,Daily,Not Applicable,Daily,Daily,Weekly,Daily,Daily,Daily,Not Applicable,Not Applicable,Not Applicable,Not Applicable,Seasonally,Daily,Daily,Never,Seasonally,Monthly,Not Applicable,Not Applicable,Not Applicable,Not Applicable,Not Applicable,45-54,20+Y
1245,Monthly,Monthly,Daily,Daily,Not Applicable,Not Applicable,Not Applicable,Not Applicable,Not Applicable,Daily,Daily,Daily,Never,Daily,Daily,Daily,Daily,Daily,Never,Never,Daily,Monthly,Monthly,Not Applicable,Not Applicable,Not Applicable,Daily,Daily,Daily,Not Applicable,Not Applicable,Not Applicable,Not Applicable,Not Applicable,Not Applicable,Not Applicable,Not Applicable,Not Applicable,Not Applicable,Not Applicable,Not Applicable,35-40,10-15Y
1246,Daily,Daily,Daily,Daily,Weekly,Daily,Weekly,Never,Annually,Never,Never,Daily,Never,Daily,Never,Not Applicable,Never,Daily,Daily,Daily,Daily,Daily,Monthly,Daily,Daily,Daily,Not Applicable,Not Applicable,Not Applicable,Never,Never,Seasonally,Daily,Never,Never,Seasonally,Daily,Never,Never,Never,Never,55+,20+Y
1247,Daily,Daily,Daily,Daily,Daily,Daily,Weekly,Weekly,Weekly,Daily,Never,Daily,Never,Daily,Daily,Daily,Daily,Daily,Daily,Daily,Daily,Daily,Daily,Daily,Daily,Daily,Not applicable,Not applicable,Not applicable,Daily,Daily,Daily,Daily,Daily,Daily,Annually,Not applicable,Not applicable,Not applicable,Not applicable,Not applicable,55+,10-15Y
1248,Daily,Daily,Daily,Daily,Never,Daily,Never,Never,Never,Never,Never,Daily,Never,Daily,Seasonally,Daily,Never,Not Applicable,Daily,Daily,Monthly,Daily,Daily,Daily,Daily,Daily,Not Applicable,Not Applicable,Not Applicable,Daily,Daily,Daily,Never,Never,Never,Annually,Not Applicable,Not Applicable,Not Applicable,Not Applicable,Not Applicable,55+,20+Y
1249,Weekly,Weekly,Daily,Daily,Daily,Daily,Daily,Never,Never,Daily,Never,Daily,Never,Daily,Monthly,Weekly,Seasonally,Daily,Daily,Daily,Daily,Weekly,Seasonally,Daily,Daily,Daily,Daily,Daily,Monthly,Daily,Never,Daily,Daily,Never,Seasonally,Seasonally,Not Applicable,Not Applicable,Not Applicable,Not Applicable,Not Applicable,55+,20+Y
1250,Daily,Daily,Daily,Daily,Never,Daily,Seasonally,Never,Annually,Seasonally,Not Applicable,Daily,Never,Seasonally,Seasonally,Seasonally,Annually,Annually,Never,Never,Seasonally,Never,Seasonally,Not Applicable,Daily,Never,Never,Never,Not Applicable,Daily,Daily,Daily,Never,Never,Never,Annually,Monthly,Never,Never,Never,Never,45-54,10-15Y
1254,Daily,Daily,Daily,Daily,Daily,Daily,Never,Never,Seasonally,Seasonally,Never,Daily,Seasonally,Daily,Weekly,Daily,Never,Weekly,Daily,Never,Not Applicable,Not Applicable,Not Applicable,Monthly,Daily,Daily,Not Applicable,Not Applicable,Not Applicable,Weekly,Weekly,Never,Weekly,Never,Never,Annually,Weekly,Never,Monthly,Never,Never,55+,15-20Y
1255,Daily,Daily,Daily,Daily,Daily,Daily,Never,Never,Never,Daily,Never,Daily,Never,Daily,Seasonally,Never,Never,Daily,Never,Daily,Monthly,Never,Never,Daily,Daily,Daily,Not Applicable,Not Applicable,Not Applicable,Daily,Daily,Daily,Daily,Never,Never,Annually,Daily,Never,Daily,Not Applicable,Never,55+,20+Y
1256,Daily,Daily,Daily,Daily,Weekly,Daily,Weekly,Never,Monthly,Monthly,Never,Weekly,Never,Weekly,Seasonally,Monthly,Daily,Weekly,Daily,Weekly,Daily,Daily,Weekly,Daily,Daily,Daily,Not Applicable,Not Applicable,Not Applicable,Daily,Weekly,Daily,Daily,Never,Never,Monthly,Daily,Never,Never,Never,Never,35-40,10-15Y
1258,Never,Monthly,Never,Never,Weekly,Daily,Daily,Never,Monthly,Daily,Never,Daily,Never,Daily,Daily,Daily,Daily,Daily,Never,Daily,Daily,Never,Daily,Never,Daily,Daily,Never,Daily,Daily,Daily,Daily,Daily,Never,Never,Never,Seasonally,Daily,Never,Daily,Daily,Daily,45-54,20+Y
1259,Weekly,Weekly,Daily,Never,Daily,Daily,Daily,Never,Seasonally,Seasonally,Seasonally,Daily,Never,Daily,Seasonally,Seasonally,Seasonally,Not Applicable,Never,Not Applicable,Weekly,Never,Seasonally,Daily,Daily,Daily,Not Applicable,Never,Seasonally,Daily,Daily,Daily,Daily,Never,Seasonally,Seasonally,Not Applicable,Not Applicable,Not Applicable,Not Applicable,Not Applicable,45-54,20+Y
1263,Daily,Daily,Daily,Daily,Daily,Daily,Daily,Never,Weekly,Never,Never,Daily,Never,Daily,Weekly,Weekly,Daily,Daily,Never,Weekly,Daily,Never,Daily,Daily,Daily,Daily,Never,Never,Never,Never,Daily,Daily,Daily,Never,Daily,Seasonally,Weekly,Never,Never,Never,Never,45-54,10-15Y
1265,Daily,Daily,Daily,Daily,Daily,Daily,Never,Never,Seasonally,Not Applicable,Never,Daily,Never,Daily,Daily,Daily,Not Applicable,Not Applicable,Never,Daily,Daily,Never,Daily,Daily,Daily,Daily,Never,Not Applicable,Not Applicable,Never,Never,Daily,Daily,Never,Never,Annually,Daily,Never,Never,Never,Never,55+,5-10Y
1266,Daily,Monthly,Daily,Daily,Weekly,Monthly,Weekly,Never,Seasonally,Weekly,Never,Daily,Never,Daily,Weekly,Daily,Never,Monthly,Never,Never,Weekly,Never,Seasonally,Daily,Daily,Daily,Never,never,Never,Never,Never,Daily,Daily,Never,Never,Monthly,Daily,Never,Never,Never,Daily,45-54,20+Y
1267,Daily,Daily,Daily,Never,Never,Not Applicable,Monthly,Never,Seasonally,Daily,Daily,Daily,Never,Daily,Weekly,Weekly,Not Applicable,Daily,Not Applicable,Not Applicable,Monthly,Never,Monthly,Daily,Daily,Daily,Not Applicable,Not Applicable,Not Applicable,Never,Never,Daily,Not Applicable,Not Applicable,Not Applicable,Not Applicable,Daily,Never,Never,Never,Never,55+,20+Y
1268,Daily,Daily,Daily,Daily,Daily,Daily,Daily,Never,Never,Not Applicable,Not Applicable,Daily,Never,Daily,Daily,Daily,Never,Not Applicable,Not Applicable,Not Applicable,Daily,Never,Daily,Daily,Daily,Daily,Not Applicable,Not Applicable,Not Applicable,Daily,Daily,Daily,Never,Never,Monthly,Never,Not Applicable,Not Applicable,Not Applicable,Not Applicable,Not Applicable,45-54,5-10Y
1269,Monthly,Monthly,Daily,Daily,Daily,Never,Never,Never,Monthly,Never,Never,Daily,Never,Never,Daily,Daily,Never,Never,Never,Never,Daily,Never,Never,Daily,Never,Never,Never,Never,Weekly,Daily,Daily,Daily,Never,Never,Never,Annually,Daily,Never,Not Applicable,Not Applicable,Not Applicable,35-40,10-15Y
1271,Daily,Daily,Daily,Daily,Not Applicable,Not Applicable,Daily,Not Applicable,Not Applicable,Daily,Daily,Daily,Not Applicable,Daily,Daily,Daily,Not Applicable,Daily,Daily,Daily,Daily,Daily,Daily,Daily,Daily,Daily,Daily,Daily,Not Applicable,Not Applicable,Not Applicable,Daily,Daily,Not Applicable,Not Applicable,Seasonally,Not Applicable,Not Applicable,Not Applicable,Not Applicable,Not Applicable,45-54,20+Y
1276,Daily,Daily,Daily,Daily,Daily,Daily,Not Applicable,Not Applicable,Not Applicable,Not Applicable,No understanding,Daily,No understanding,No understanding,No understanding,No understanding,No understanding,Not Applicable,Not Applicable,Not Applicable,Daily,Daily,No understanding,Daily,Daily,Daily,Not Applicable,Not Applicable,Not Applicable,Daily,No understanding,Daily,No understanding,No understanding,No understanding,No understanding,Weekly,No understanding,Not Applicable,Not Applicable,No understanding,45-54,15-20Y
1277,Daily,Daily,Daily,Daily,Daily,Daily,Daily,Never,Weekly,Never,Never,Daily,Never,Daily,Daily,Daily,Never,Daily,Daily,Daily,Daily,Daily,Daily,Daily,Daily,Daily,Daily,Daily,Never,Daily,Daily,Daily,Daily,Never,Never,Seasonally,Daily,Never,Never,Never,Never,45-54,20+Y
1278,Daily,Daily,Daily,Daily,Never,Daily,Daily,Never,Daily,Weekly,Never,Daily,Never,Daily,Weekly,Weekly,Never,Daily,Never,Daily,Daily,Daily,Daily,Daily,Daily,Daily,Daily,Never,Seasonally,Never,Daily,Daily,Daily,Never,Daily,Monthly,Daily,Never,Never,Not Applicable,Never,35-40,20+Y
1279,Daily,Daily,Daily,Daily,Monthly,Daily,Daily,Never,Monthly,Daily,Never,Daily,Never,Daily,Daily,Daily,Never,Daily,Daily,Monthly,Daily,Daily,Daily,Daily,Daily,Daily,Not Applicable,Not Applicable,Not Applicable,Daily,Daily,Daily,Daily,Never,Never,Seasonally,Daily,Never,Not Applicable,Not Applicable,Not Applicable,45-54,20+Y
1282,Daily,Daily,Daily,Daily,Daily,Weekly,Weekly,Never,Seasonally,Daily,Daily,Daily,Never,Daily,Monthly,Seasonally,Never,Never,Never,Never,Daily,Monthly,Monthly,Daily,Daily,Daily,Never,Never,Not Applicable,Daily,Weekly,Daily,Never,Never,Daily,Seasonally,Never,Never,Never,Weekly,Never,45-54,10-15Y
1284,Daily,Daily,Daily,Daily,Daily,Daily,Daily,Daily,Weekly,Daily,Weekly,Daily,Daily,Daily,Weekly,Weekly,Weekly,Daily,Weekly,Weekly,Daily,Daily,Daily,Daily,Daily,Daily,Not Applicable,Not Applicable,Not Applicable,Daily,Daily,Daily,Daily,Daily,Monthly,Monthly,Daily,Weekly,Not Applicable,Not Applicable,Not Applicable,45-54,5-10Y
1285,Daily,Daily,Daily,Daily,Never,Daily,Weekly,Weekly,Monthly,Seasonally,Never,Daily,Never,Daily,Monthly,Monthly,Never,Monthly,Never,Never,Monthly,Never,Monthly,Daily,Daily,Never,Not Applicable,Not Applicable,Not Applicable,Daily,Monthly,Daily,Monthly,Never,Never,Monthly,Weekly,Never,Never,Not Applicable,Never,35-40,10-15Y
1286,Daily,Daily,Daily,Daily,Daily,No understanding,Never,Never,Seasonally,Weekly,Never,Daily,Never,Daily,Daily,Weekly,Never,Never,Never,Daily,Daily,Never,Never,Daily,Daily,Daily,Not Applicable,Not Applicable,Not Applicable,Never,Never,Daily,Never,Never,Never,Annually,Daily,Never,Never,Never,Never,45-54,5-10Y
1287,Daily,Weekly,Daily,Daily,Never,Daily,Monthly,Never,Seasonally,Not Applicable,Never,Daily,Never,Daily,Daily,Daily,Seasonally,Daily,Daily,Daily,Daily,Daily,Daily,Daily,Daily,Daily,Not Applicable,Not Applicable,Not Applicable,Daily,Daily,Daily,Daily,Never,Weekly,Seasonally,Daily,Never,Never,Never,Never,35-40,15-20Y
1289,Daily,Daily,Daily,Daily,Daily,Monthly,Daily,Never,Monthly,Weekly,Never,Daily,Never,Daily,Daily,Daily,Never,Not Applicable,Daily,Daily,Daily,Monthly,Daily,Daily,Weekly,Daily,Not Applicable,Not Applicable,Not Applicable,Daily,Never,Daily,Monthly,Monthly,Weekly,Monthly,Monthly,Never,Daily,Daily,Never,45-54,20+Y
1293,Daily,Daily,Daily,Daily,Never,Weekly,Not Applicable,Not Applicable,Not Applicable,Weekly,Never,Never,Never,Never,Seasonally,Annually,Not Applicable,Never,Never,Never,Seasonally,Never,Seasonally,Daily,Daily,Daily,Not Applicable,Not Applicable,Not Applicable,Daily,Not Applicable,Not Applicable,Never,Never,Never,Not Applicable,Daily,Never,Daily,Daily,Daily,55+,20+Y
1297,Daily,Daily,Daily,Daily,Weekly,Daily,Seasonally,Never,Seasonally,Weekly,Never,Daily,Never,Daily,Weekly,Weekly,Not Applicable,Daily,Never,Weekly,Weekly,Never,Seasonally,Daily,Daily,Weekly,Weekly,Never,Seasonally,Daily,Daily,Daily,Daily,Never,Never,Seasonally,Daily,Never,Never,Never,Never,45-54,20+Y
1299,Daily,Daily,Daily,Daily,Never,Weekly,Daily,Never,Seasonally,Daily,Never,Daily,Never,Daily,Daily,Daily,Never,Daily,Daily,Daily,Weekly,Daily,Daily,Daily,Never,Daily,Daily,Daily,Seasonally,Daily,Never,Daily,Never,Never,Never,Seasonally,Never,Never,Never,Not Applicable,Never,45-54,20+Y
1300,Weekly,Weekly,Daily,Daily,Not Applicable,Daily,Seasonally,Never,Seasonally,Daily,Never,Daily,Never,Daily,Weekly,Weekly,Seasonally,Daily,Daily,Seasonally,Daily,Daily,Seasonally,Daily,Daily,Daily,Daily,Daily,Seasonally,Daily,Daily,Daily,Daily,Never,Not Applicable,Seasonally,Not Applicable,Not Applicable,Not Applicable,Not Applicable,Not Applicable,45-54,15-20Y
1301,Daily,Daily,Daily,Daily,Daily,Daily,Seasonally,Seasonally,Seasonally,Not Applicable,Not Applicable,Daily,Not Applicable,Daily,Monthly,Daily,Seasonally,Daily,Daily,Not Applicable,Daily,Daily,Daily,Daily,Daily,Not Applicable,Daily,Daily,Seasonally,Daily,Daily,Daily,Daily,Never,Never,Monthly,Not Applicable,Not Applicable,Not Applicable,Not Applicable,Not Applicable,45-54,20+Y
1304,Not Applicable,Not Applicable,Daily,Never,Not Applicable,Not Applicable,Not Applicable,Not Applicable,Not Applicable,Daily,Never,Daily,Never,Never,Daily,Weekly,Not Applicable,Not Applicable,Not Applicable,Not Applicable,Daily,Never,Daily,Not Applicable,Not Applicable,Not Applicable,Never,Never,Not Applicable,Not Applicable,Not Applicable,Not Applicable,Not Applicable,Not Applicable,Not Applicable,Not Applicable,Not Applicable,Not Applicable,Not Applicable,Not Applicable,Not Applicable,25-34,10-15Y
1305,Not Applicable,Not Applicable,Not Applicable,Not Applicable,Not Applicable,Not Applicable,Not Applicable,Not Applicable,Not Applicable,Not Applicable,Not Applicable,Daily,Never,Daily,Monthly,Monthly,Not Applicable,Daily,Never,Daily,Weekly,Never,Weekly,Not Applicable,Not Applicable,Not Applicable,Daily,Never,Weekly,Not Applicable,Not Applicable,Not Applicable,Not Applicable,Not Applicable,Not Applicable,Not Applicable,Daily,Never,Daily,Not Applicable,Not Applicable,35-40,5-10Y
1308,Not Applicable,Not Applicable,Not Applicable,Not Applicable,Not Applicable,Not Applicable,Not Applicable,Not Applicable,Not Applicable,No understanding,No understanding,Weekly,Never,Weekly,Never,Daily,Never,Never,Never,Weekly,Weekly,Never,Weekly,Not Applicable,Not Applicable,Not Applicable,Never,Never,Monthly,Not Applicable,Not Applicable,Not Applicable,Not Applicable,Not Applicable,Not Applicable,Not Applicable,Daily,Daily,Never,Never,Daily,45-54,15-20Y
1310,Daily,Monthly,Daily,Daily,Seasonally,Daily,Seasonally,Never,Seasonally,Not Applicable,Seasonally,Daily,Never,Seasonally,Seasonally,Seasonally,Never,Daily,Not Applicable,Not Applicable,Daily,Not Applicable,Not Applicable,Daily,Daily,Not Applicable,Daily,Not Applicable,Monthly,Daily,Daily,Daily,Daily,Not Applicable,Not Applicable,Weekly,Not Applicable,Not Applicable,Not Applicable,Not Applicable,Not Applicable,45-54,20+Y
1311,Daily,Daily,Daily,Daily,No understanding,Weekly,Weekly,Never,Never,Daily,Never,Daily,Never,No understanding,Daily,Daily,Never,Daily,Daily,Not Applicable,Daily,Daily,Seasonally,Daily,Daily,Seasonally,Daily,Daily,Not Applicable,Daily,Not Applicable,Annually,Daily,Daily,Weekly,Annually,Not Applicable,Not Applicable,Not Applicable,Not Applicable,Not Applicable,45-54,20+Y
1312,Daily,Daily,Daily,Daily,Not applicable,Not applicable,Monthly,Not applicable,Not applicable,Seasonally,Not applicable,Daily,NR,Daily,Seasonally,Seasonally,Weekly,Daily,Daily,Not applicable,Daily,Daily,Monthly,Daily,Daily,Not applicable,Daily,Daily,Weekly,Not applicable,Not applicable,Seasonally,Daily,Not applicable,Not applicable,Monthly,Daily,Not applicable,Not applicable,Not applicable,Not applicable,55+,20+Y
1313,Not Applicable,Not Applicable,Daily,Not Applicable,Not Applicable,Daily,Not Applicable,Not Applicable,Not Applicable,Monthly,Not Applicable,Daily,Never,Daily,Daily,Daily,Daily,Daily,Not Applicable,Daily,Not Applicable,Not Applicable,Not Applicable,Not Applicable,Not Applicable,Not Applicable,Never,Never,Daily,Not Applicable,Not Applicable,Not Applicable,Not Applicable,Not Applicable,Not Applicable,Not Applicable,Daily,Daily,Never,Never,Never,45-54,15-20Y
1314,Not Applicable,Not Applicable,Daily,Seasonally,Not Applicable,Not Applicable,Not Applicable,Not Applicable,Not Applicable,Daily,Seasonally,Daily,Monthly,Daily,Daily,Daily,Daily,Daily,Seasonally,Daily,Daily,Seasonally,Daily,Not Applicable,Not Applicable,Not Applicable,Daily,Seasonally,Daily,Not Applicable,Not Applicable,Not Applicable,Not Applicable,Not Applicable,Not Applicable,Not Applicable,Daily,Seasonally,Seasonally,Never,Seasonally,45-54,20+Y
1316,Daily,Daily,Daily,Daily,Daily,Daily,Daily,Daily,Seasonally,Seasonally,Daily,Daily,Daily,Daily,Weekly,Weekly,Not Applicable,Daily,Daily,Monthly,Monthly,Daily,Monthly,Daily,Daily,Daily,Daily,Daily,Monthly,Daily,Daily,Daily,Daily,Daily,Seasonally,Seasonally,Daily,Daily,Weekly,Not Applicable,Not Applicable,55+,20+Y
1318,Daily,Daily,Daily,Daily,Daily,Daily,Daily,Never,Weekly,Never,Never,Daily,Never,Daily,Weekly,Weekly,Never,Daily,Daily,Daily,Monthly,Daily,Weekly,Daily,Daily,Daily,Daily,Daily,Never,Never,Never,Daily,Daily,Never,Never,Monthly,Daily,Never,Never,Never,Never,55+,20+Y
1320,Monthly,Monthly,Daily,Not Applicable,Daily,Daily,Monthly,Not Applicable,Seasonally,Not Applicable,Not Applicable,Daily,Not Applicable,Daily,Not Applicable,Not Applicable,Seasonally,Daily,Not Applicable,Not Applicable,Daily,Daily,Daily,Daily,Daily,Daily,Not Applicable,Seasonally,Not Applicable,Daily,Daily,Daily,Daily,Not Applicable,Not Applicable,Seasonally,Daily,Not Applicable,Not Applicable,Not Applicable,Not Applicable,45-54,15-20Y
1321,Daily,Daily,Daily,Daily,Daily,Daily,Monthly,Never,Monthly,Seasonally,Seasonally,Daily,Never,Never,Seasonally,Seasonally,Monthly,Seasonally,Seasonally,Seasonally,Daily,Daily,Daily,Daily,Daily,Daily,Never,Not Applicable,Not Applicable,Daily,Daily,Daily,Daily,Never,Never,Monthly,Daily,Daily,Never,Daily,Daily,55+,15-20Y
1322,Daily,Daily,Daily,Daily,Never,Daily,Weekly,Weekly,Monthly,Daily,Never,Daily,Never,Daily,Monthly,Monthly,Monthly,Daily,Daily,Weekly,Daily,Daily,Weekly,Daily,Daily,Daily,Weekly,Weekly,Never,Daily,Daily,Daily,Weekly,Weekly,Seasonally,Seasonally,Daily,Daily,Monthly,Monthly,Not Applicable,45-54,15-20Y
1323,Daily,Daily,Daily,Daily,Daily,Weekly,Seasonally,Seasonally,Seasonally,Not Applicable,Seasonally,Daily,Never,Annually,Seasonally,Not Applicable,Not Applicable,Daily,Daily,Daily,Monthly,Daily,Daily,Daily,Daily,Daily,Seasonally,Not Applicable,Seasonally,Annually,Weekly,Daily,Never,Never,Never,Seasonally,Never,Never,Never,Never,Never,55+,15-20Y
1324,Not Applicable,Not Applicable,Daily,Daily,Not Applicable,Not Applicable,Not Applicable,Not Applicable,Not Applicable,Daily,Never,Daily,Never,Daily,Daily,Daily,Never,Never,Never,Never,Daily,Never,Daily,Not Applicable,Not Applicable,Not Applicable,Weekly,Never,Daily,Not Applicable,Not Applicable,Not Applicable,Not Applicable,Not Applicable,Not Applicable,Not Applicable,Daily,Never,Never,No understanding,No understanding,45-54,5-10Y
1325,Daily,Daily,Daily,Daily,Monthly,Daily,Daily,Daily,Seasonally,Daily,Daily,Daily,Never,Daily,Daily,Daily,Never,Seasonally,Never,Seasonally,Daily,Never,Daily,Daily,Weekly,Never,Not Applicable,Seasonally,Never,Never,Daily,Daily,Daily,Never,Never,Seasonally,Daily,Never,Daily,Daily,Daily,55+,15-20Y
1327,Monthly,Monthly,Daily,Daily,Daily,Monthly,Monthly,Never,Monthly,Daily,Monthly,Daily,Never,Daily,Seasonally,Seasonally,Never,Daily,Never,Daily,Daily,Never,Daily,Daily,Daily,Daily,Not Applicable,Not Applicable,Not Applicable,Daily,Daily,Daily,Daily,Daily,Daily,Seasonally,Not Applicable,Not Applicable,Not Applicable,Not Applicable,Not Applicable,45-54,15-20Y
1328,Daily,Monthly,Daily,Daily,Never,Daily,Daily,Never,Seasonally,Not Applicable,Not Applicable,Daily,Never,Never,Seasonally,Never,Never,Daily,Daily,Never,Daily,Daily,Seasonally,Daily,Daily,Daily,Not Applicable,Not Applicable,Not Applicable,Daily,Daily,Daily,Never,Never,Not Applicable,Annually,Daily,Never,Not Applicable,Not Applicable,Not Applicable,55+,5-10Y
1329,Daily,Daily,Daily,Daily,Daily,Daily,Never,Never,Annually,Seasonally,Never,Daily,Never,Never,Seasonally,Seasonally,Never,Never,Never,Never,Seasonally,Never,Seasonally,Daily,Daily,Daily,Not Applicable,Not Applicable,Not Applicable,Daily,Daily,Daily,Daily,Daily,Monthly,Annually,Daily,Never,Never,Never,Never,45-54,10-15Y
1330,Daily,Daily,Daily,Daily,Daily,Daily,Seasonally,Seasonally,Seasonally,Never,Never,Daily,Daily,Never,Never,Never,Daily,Daily,Never,Never,Daily,Never,Never,Daily,Daily,Daily,Daily,Never,Not Applicable,Never,Never,Daily,Daily,Never,Never,Seasonally,Daily,Never,Never,Never,Never,45-54,10-15Y
1332,Daily,Daily,Daily,Daily,Daily,Daily,Daily,Daily,Not Applicable,Weekly,Never,Daily,Never,Weekly,Weekly,Weekly,Never,Not Applicable,Not Applicable,Not Applicable,Daily,Daily,Not Applicable,Daily,Daily,Daily,Daily,Daily,Weekly,Never,Daily,Daily,Daily,Daily,Weekly,Monthly,Daily,Daily,Daily,Never,Never,55+,20+Y
1334,Monthly,Monthly,Daily,Daily,Not Applicable,Not Applicable,Not Applicable,Not Applicable,Not Applicable,Daily,Never,Daily,Never,Daily,Daily,Daily,Never,Monthly,Monthly,Monthly,Daily,Daily,Daily,Not Applicable,Not Applicable,Not Applicable,Daily,Daily,Daily,Not Applicable,Not Applicable,Not Applicable,Not Applicable,Not Applicable,Not Applicable,Not Applicable,Monthly,Monthly,Monthly,Never,Never,45-54,15-20Y
